{"cameraMode":{"drawMode":0,"name":"Shaded","section":"Shading Mode"},"sceneLighting":true,"audioPlay":false,"sceneViewState":{"showFog":false,"showMaterialUpdate":false,"showSkybox":false,"showFlares":false,"showImageEffects":false,"showParticleSystems":false},"in2DMode":false,"pivot":{"x":-0.05511688068509102,"y":0.06543895602226258,"z":1.2584331035614014},"rotation":{"x":0.013494686223566533,"y":0.026994267478585244,"z":-0.0003644447133410722,"w":0.9995445013046265},"size":0.4861147105693817,"orthographic":true}