{"cameraMode":{"drawMode":0,"name":"Shaded","section":"Shading Mode"},"sceneLighting":false,"audioPlay":false,"sceneViewState":{"showFog":false,"showMaterialUpdate":false,"showSkybox":false,"showFlares":false,"showImageEffects":false,"showParticleSystems":false},"in2DMode":false,"pivot":{"x":-0.13210000097751618,"y":-0.016300000250339509,"z":-0.007550023961812258},"rotation":{"x":0.6188825368881226,"y":-0.016965433955192567,"z":0.013372364453971386,"w":0.7851917743682861},"size":0.3325839340686798,"orthographic":true}