{"cameraMode":{"drawMode":0,"name":"Shaded","section":"Shading Mode"},"sceneLighting":false,"audioPlay":false,"sceneViewState":{"showFog":false,"showMaterialUpdate":false,"showSkybox":false,"showFlares":false,"showImageEffects":false,"showParticleSystems":false},"in2DMode":false,"pivot":{"x":0.0,"y":0.00003082305192947388,"z":-0.011800002306699753},"rotation":{"x":0.22647565603256226,"y":-0.05985821411013603,"z":0.013945650309324265,"w":0.9720771312713623},"size":0.609679102897644,"orthographic":true}